source,n,oracle_k,gp_delta,gp_se,gp_pro_wins,oracle_delta,oracle_se,oracle_pro_wins,valk_delta,valk_se,valk_pro_wins,sparse_delta,sparse_se,sparse_pro_wins,k1_delta,k1_se,k1_pro_wins,k2_delta,k2_se,k2_pro_wins,k3_delta,k3_se,k3_pro_wins,k5_delta,k5_se,k5_pro_wins,k10_delta,k10_se,k10_pro_wins,pro_nlpd,pro_se,valk_selected,valk_runtime,sparse_occupied
block_outliers,50,3,0.4493603420777366,0.21190535908214997,0.65,-0.059098987324625304,0.1531646010301505,0.85,0.1649285925427982,0.21508130493133407,0.8,0.12919460493673834,0.13295464345164373,0.65,0.2968325916957736,0.16995924843547028,0.75,-0.01498393532879872,0.16759806421495416,0.75,-0.059098987324625304,0.1531646010301505,0.85,-0.046514885183965404,0.16170460194734956,0.8,0.025248936861573756,0.15926332770579948,0.85,0.5866068014557888,0.17646914442936454,"[1, 2, 2, 1, 1, 1, 1, 1, 3, 3, 1, 5, 1, 2, 1, 1, 1, 3, 2, 1]",30.666143686525174,1.2315
block_outliers,100,5,0.8964055817316019,0.21249017419128916,0.95,0.1330101687862725,0.033903173489039595,0.9,0.7092436757559855,0.18098733909422446,0.95,0.3492769968500221,0.08239488016202341,1.0,0.7695125881804151,0.17868051875334903,1.0,0.2160465143989012,0.047679027456737744,0.85,0.15559838087351038,0.04090959854976393,0.9,0.1330101687862725,0.033903173489039595,0.9,0.1561283680778707,0.03303261275787428,0.9,0.17257784702662987,0.07947136369621481,"[1, 1, 1, 1, 1, 2, 5, 1, 3, 1, 1, 1, 1, 1, 1, 1, 2, 1, 2, 3]",35.06124762450054,1.246
block_outliers,200,10,0.9275826573839797,0.14050964239251468,1.0,0.06663578028679287,0.06618110160224269,0.8,0.518218609744969,0.09898825408447354,0.95,0.31314817917724247,0.0856398928063907,0.75,0.8250938523885092,0.12570234633864516,0.95,0.14834549511631387,0.07055957776650898,0.75,0.11983773005435316,0.06930446449287937,0.8,0.08321562909144678,0.06736656060016351,0.8,0.06663578028679287,0.06618110160224269,0.8,0.2510775891366137,0.07872039008642251,"[2, 1, 1, 5, 1, 3, 2, 3, 2, 1, 1, 1, 1, 1, 1, 1, 1, 2, 2, 1]",44.267058271027054,1.3204999999999998
heteroskedastic,50,3,0.3084649850712523,0.3825625991356751,0.45,-0.17742501441371333,0.08864676715482571,0.35,-0.12887908354376498,0.077647193507325,0.4,-0.126745993385211,0.0876386751109897,0.4,0.1532839430886282,0.2624141531641064,0.45,-0.1519541534965286,0.0843139791860971,0.4,-0.17742501441371333,0.08864676715482571,0.35,-0.16476840369397777,0.09512751178811228,0.4,-0.10907352186435974,0.10087928373226357,0.6,0.8519312604113589,0.11605830747652947,"[5, 2, 1, 2, 2, 1, 2, 1, 3, 2, 1, 3, 2, 10, 5, 5, 1, 1, 10, 2]",31.71780987449165,1.5559999999999998
heteroskedastic,100,3,0.23434088231734843,0.07387566574477884,0.75,-0.019039890158012995,0.03347333646827672,0.6,-0.019055574111609602,0.03080248552225095,0.55,0.005157867792796344,0.03755997213137927,0.65,0.19790997580627995,0.06142564587190707,0.75,-0.010645063844262814,0.031860928722398624,0.65,-0.019039890158012995,0.03347333646827672,0.6,-0.013983082474881808,0.032917648672625095,0.55,0.023552540656028707,0.03631968064757446,0.65,0.5758312867998895,0.06642498953916445,"[2, 2, 3, 3, 2, 3, 3, 5, 5, 5, 3, 2, 5, 5, 10, 3, 3, 3, 3, 2]",30.659234166509123,2.217
heteroskedastic,200,3,0.20730813407151905,0.04239610548392002,0.95,-0.000353929217301642,0.028846685731929507,0.75,0.026092743593790768,0.03278828149317755,0.7,0.024705847341886897,0.028848965798012806,0.75,0.19879188209334553,0.04184021587152774,0.95,0.05124984525579461,0.03183313642555475,0.75,-0.000353929217301642,0.028846685731929507,0.75,0.0056497014793025725,0.030642358760021627,0.7,0.021406606934968164,0.030827690070329636,0.75,0.47463896282172235,0.07959862436346378,"[2, 3, 10, 10, 3, 10, 3, 3, 3, 10, 2, 5, 2, 5, 5, 3, 5, 5, 1, 3]",43.56246733345324,2.6834999999999996
multimodal,50,2,0.33621141862387527,0.09512530642214118,0.75,0.007651011956135778,0.06313595682394407,0.7,0.060768213820354224,0.07071712308396928,0.75,0.05650730017457713,0.06672860761200297,0.7,0.33637074799427474,0.09342918697740198,0.8,0.007651011956135778,0.06313595682394407,0.7,0.04713682320962144,0.06376237229408196,0.7,0.10720351951787317,0.06924825418907037,0.7,0.2294867612148815,0.07912728619940752,0.8,0.6445836439359317,0.13442683898886307,"[2, 3, 2, 1, 5, 10, 2, 2, 3, 3, 3, 2, 2, 2, 2, 1, 2, 5, 3, 2]",26.65848793796613,1.8350000000000002
multimodal,100,2,0.42262833019880935,0.06479072894261585,0.95,-0.02156717410934216,0.044939604738035176,0.6,-0.007830558938321132,0.04471835589758104,0.6,-0.020787628993194893,0.040832561936870536,0.65,0.4185783516152532,0.06588389107948323,0.95,-0.02156717410934216,0.044939604738035176,0.6,-0.008318456845805332,0.0434023792523298,0.65,0.02434886890004935,0.042680337326196124,0.7,0.10207294000340461,0.04200822830532663,0.85,0.48057762381238806,0.0894420030843815,"[3, 2, 3, 2, 1, 2, 2, 2, 2, 3, 2, 2, 2, 2, 2, 1, 2, 2, 2, 2]",27.775870542012854,1.957
multimodal,200,3,0.547147857823439,0.0774159735610342,1.0,-0.01177965528026945,0.02366945179551292,0.45,-0.014036766978640319,0.025109987091211188,0.4,-0.024853286496870932,0.024345762723202408,0.4,0.5460905717401415,0.07744086150569428,1.0,0.010801311074763028,0.039600636290191026,0.45,-0.01177965528026945,0.02366945179551292,0.45,-0.0012936173129741101,0.023639171631819104,0.4,0.02204306605631943,0.025114424654549394,0.55,0.3368179170025742,0.08617594686804017,"[2, 5, 2, 3, 2, 3, 3, 3, 2, 2, 2, 2, 2, 2, 3, 2, 10, 2, 2, 2]",41.350905729515944,2.052
well_specified,50,1,-0.0789066469210162,0.030974280585887394,0.25,-0.08131209388432208,0.03173361511229545,0.25,-0.07339291814719935,0.031918820650489226,0.25,-0.07744392377702407,0.03216363878057079,0.3,-0.08131209388432208,0.03173361511229545,0.25,-0.06455023370736442,0.030855159915843436,0.35,-0.03350501698489801,0.02901178414171325,0.45,0.012557081546816812,0.02765812501211085,0.7,0.11600651902620825,0.031591749703003776,0.8,-0.03554014647896994,0.09335638848301162,"[2, 1, 1, 1, 1, 1, 1, 1, 1, 2, 1, 2, 1, 2, 2, 1, 1, 1, 1, 1]",29.63178402147605,1.0595
well_specified,100,1,-0.05551026458357313,0.01924896421932243,0.1,-0.057311215326987575,0.01966435635725725,0.25,-0.054803352393040614,0.019995282082924087,0.35,-0.05110871931154013,0.018494178757223784,0.2,-0.057311215326987575,0.01966435635725725,0.25,-0.03927492776930479,0.018435794038501156,0.45,-0.02010812204043804,0.018841841781444525,0.55,0.004684257935360112,0.018593256632543437,0.7,0.0687046836723658,0.017249499486461865,0.85,-0.13166463292008404,0.07924507095381599,"[1, 2, 2, 1, 1, 1, 1, 1, 1, 1, 1, 1, 1, 1, 1, 1, 1, 1, 1, 1]",27.973759436019463,1.0710000000000002
well_specified,200,1,-0.02132983124861337,0.0063094232290425425,0.2,-0.02048122994781327,0.006117809374479728,0.2,-0.010291805141503947,0.011346315543120928,0.25,-0.012472466014064792,0.010282720700358712,0.25,-0.02048122994781327,0.006117809374479728,0.2,-0.004360150899706604,0.010785524898740403,0.35,0.0009013005348426667,0.009529535686243132,0.55,0.012983059468307611,0.008246484608304913,0.7,0.04855238574274654,0.00856077273816266,0.95,-0.19558506972695255,0.0776934988777129,"[1, 1, 1, 1, 1, 2, 1, 1, 1, 1, 2, 2, 1, 1, 1, 1, 1, 1, 2, 1]",28.890784917020937,1.107
