source,param_name,param_value,algorithm,nlpd_mean,nlpd_std,nlpd_sem
block_outliers,n,50,pro_gp,0.5866068014557888,0.7692111672206837,0.17646914442936454
block_outliers,n,50,standard_gp,1.0359671435335256,1.031850530240748,0.23672274663990947
block_outliers,n,100,pro_gp,0.17257784702662987,0.34640764325716744,0.07947136369621481
block_outliers,n,100,standard_gp,1.0689834287582316,1.1687606177343,0.2681320748365255
block_outliers,n,200,pro_gp,0.2510775891366137,0.34313422518281683,0.07872039008642251
block_outliers,n,200,standard_gp,1.1786602465205935,0.8198185379900711,0.18807927153368317
heteroskedastic,n,50,pro_gp,0.8519312604113589,0.5058864338485629,0.11605830747652947
heteroskedastic,n,50,standard_gp,1.160396245482611,1.4827504142457897,0.3401662744310773
heteroskedastic,n,100,pro_gp,0.5758312867998895,0.28953981672696427,0.06642498953916445
heteroskedastic,n,100,standard_gp,0.8101721691172378,0.3308433806915751,0.07590067697757534
heteroskedastic,n,200,pro_gp,0.47463896282172235,0.34696235964519323,0.07959862436346378
heteroskedastic,n,200,standard_gp,0.6819470968932413,0.2999369887166,0.0688102643813452
multimodal,n,50,pro_gp,0.6445836439359317,0.5859530064520675,0.13442683898886307
multimodal,n,50,standard_gp,0.980795062559807,0.5445674700017132,0.12493234577247816
multimodal,n,100,pro_gp,0.48057762381238806,0.3898686527526722,0.0894420030843815
multimodal,n,100,standard_gp,0.9032059540111975,0.5227825381392144,0.1199345396419228
multimodal,n,200,pro_gp,0.3368179170025742,0.37563224376171755,0.08617594686804017
multimodal,n,200,standard_gp,0.8839657748260132,0.5260397632614083,0.12068179833371258
well_specified,n,50,pro_gp,-0.03554014647896994,0.40693106313137206,0.09335638848301162
well_specified,n,50,standard_gp,-0.11444679339998613,0.39045666216331554,0.08957690169484704
well_specified,n,100,pro_gp,-0.13166463292008404,0.34542125606139423,0.07924507095381599
well_specified,n,100,standard_gp,-0.1871748975036572,0.33993224167054387,0.07798580468911297
well_specified,n,200,pro_gp,-0.19558506972695255,0.3386581101780413,0.0776934988777129
well_specified,n,200,standard_gp,-0.2169149009755659,0.3343770462841917,0.07671135546275862
