group,setting,choice,regret,regret_per_split,best_k,transferred_k,pro_minus_best_k
synthetic,block_outliers n=50,K=1,0.3559315790203985,0.41537329187413674,3,3,0.05909898732462526
synthetic,block_outliers n=50,K=2,0.04411505199582644,0.10355676484956447,3,3,0.05909898732462526
synthetic,block_outliers n=50,K=3,0.0,0.059441712853737894,3,3,0.05909898732462526
synthetic,block_outliers n=50,K=5,0.012584102140659859,0.07202581499439778,3,3,0.05909898732462526
synthetic,block_outliers n=50,K=10,0.08434792418619885,0.1437896370399369,3,3,0.05909898732462526
synthetic,block_outliers n=50,random K,0.10315768328922115,0.1625993961429593,3,3,0.05909898732462526
synthetic,block_outliers n=50,transferred K,0.0,0.059441712853737894,3,3,0.05909898732462526
synthetic,block_outliers n=50,val-K,0.2240275798674234,0.2834692927211614,3,3,0.05909898732462526
synthetic,block_outliers n=50,sparse,0.18829359226136344,0.24773530511510145,3,3,0.05909898732462526
synthetic,block_outliers n=100,K=1,0.6365024193941429,0.6540647369565266,5,3,-0.13301016878627242
synthetic,block_outliers n=100,K=2,0.08303634561262874,0.10059866317501262,5,3,-0.13301016878627242
synthetic,block_outliers n=100,K=3,0.022588212087237935,0.04015052964962185,5,3,-0.13301016878627242
synthetic,block_outliers n=100,K=5,0.0,0.017562317562383915,5,3,-0.13301016878627242
synthetic,block_outliers n=100,K=10,0.023118199291598196,0.04068051685398211,5,3,-0.13301016878627242
synthetic,block_outliers n=100,random K,0.1855317442735025,0.2030940618358862,5,3,-0.13301016878627242
synthetic,block_outliers n=100,transferred K,0.022588212087237935,0.04015052964962185,5,3,-0.13301016878627242
synthetic,block_outliers n=100,val-K,0.5762335069697132,0.593795824532097,5,3,-0.13301016878627242
synthetic,block_outliers n=100,sparse,0.21626682806374953,0.23382914562613358,5,3,-0.13301016878627242
synthetic,block_outliers n=200,K=1,0.7418782232970623,0.7557573669631366,5,3,-0.08321562909144686
synthetic,block_outliers n=200,K=2,0.06512986602486703,0.07900900969094127,5,3,-0.08321562909144686
synthetic,block_outliers n=200,K=3,0.036622100962906357,0.050501244628980535,5,3,-0.08321562909144686
synthetic,block_outliers n=200,K=5,0.0,0.013879143666074165,5,3,-0.08321562909144686
synthetic,block_outliers n=200,K=10,-0.01657984880465385,-0.0027007051385797565,5,3,-0.08321562909144686
synthetic,block_outliers n=200,random K,0.2109075475712091,0.22478669123728312,5,3,-0.08321562909144686
synthetic,block_outliers n=200,transferred K,0.036622100962906357,0.050501244628980535,5,3,-0.08321562909144686
synthetic,block_outliers n=200,val-K,0.4350029806535223,0.4488821243195965,5,3,-0.08321562909144686
synthetic,block_outliers n=200,sparse,0.22993255008579572,0.24381169375186978,5,3,-0.08321562909144686
synthetic,heteroskedastic n=50,K=1,0.3307089575023414,0.3657705075857784,3,3,0.1774250144137135
synthetic,heteroskedastic n=50,K=2,0.025470860917184646,0.06053241100062159,3,3,0.1774250144137135
synthetic,heteroskedastic n=50,K=3,0.0,0.03506155008343686,3,3,0.1774250144137135
synthetic,heteroskedastic n=50,K=5,0.01265661071973534,0.047718160803172406,3,3,0.1774250144137135
synthetic,heteroskedastic n=50,K=10,0.06835149254935358,0.10341304263279041,3,3,0.1774250144137135
synthetic,heteroskedastic n=50,random K,0.09220910728481535,0.1272706573682523,3,3,0.1774250144137135
synthetic,heteroskedastic n=50,transferred K,0.0,0.03506155008343686,3,3,0.1774250144137135
synthetic,heteroskedastic n=50,val-K,0.048545930869948295,0.08360748095338519,3,3,0.1774250144137135
synthetic,heteroskedastic n=50,sparse,0.0506790210285023,0.08574057111193917,3,3,0.1774250144137135
synthetic,heteroskedastic n=100,K=1,0.216949865964293,0.23649727868371215,3,3,0.019039890158013106
synthetic,heteroskedastic n=100,K=2,0.008394826313750103,0.027942239033169496,3,3,0.019039890158013106
synthetic,heteroskedastic n=100,K=3,0.0,0.01954741271941932,3,3,0.019039890158013106
synthetic,heteroskedastic n=100,K=5,0.005056807683131215,0.024604220402550503,3,3,0.019039890158013106
synthetic,heteroskedastic n=100,K=10,0.04259243081404174,0.062139843533461026,3,3,0.019039890158013106
synthetic,heteroskedastic n=100,random K,0.05760037499029369,0.07714778770971287,3,3,0.019039890158013106
synthetic,heteroskedastic n=100,transferred K,0.0,0.01954741271941932,3,3,0.019039890158013106
synthetic,heteroskedastic n=100,val-K,-1.568395359663466e-05,0.019531728765822712,3,3,0.019039890158013106
synthetic,heteroskedastic n=100,sparse,0.024197757950809362,0.04374517067022865,3,3,0.019039890158013106
synthetic,heteroskedastic n=200,K=1,0.19914581131064718,0.21155256517909468,3,3,0.0003539292173015407
synthetic,heteroskedastic n=200,K=2,0.05160377447309633,0.06401052834154382,3,3,0.0003539292173015407
synthetic,heteroskedastic n=200,K=3,0.0,0.012406753868447579,3,3,0.0003539292173015407
synthetic,heteroskedastic n=200,K=5,0.006003630696604201,0.018410384565051792,3,3,0.0003539292173015407
synthetic,heteroskedastic n=200,K=10,0.021760536152269805,0.03416729002071738,3,3,0.0003539292173015407
synthetic,heteroskedastic n=200,random K,0.06418830412008686,0.07659505798853447,3,3,0.0003539292173015407
synthetic,heteroskedastic n=200,transferred K,0.0,0.012406753868447579,3,3,0.0003539292173015407
synthetic,heteroskedastic n=200,val-K,0.02644667281109242,0.03885342667953999,3,3,0.0003539292173015407
synthetic,heteroskedastic n=200,sparse,0.025059776559188507,0.037466530427636126,3,3,0.0003539292173015407
synthetic,multimodal n=50,K=1,0.32871973603813887,0.3366778941396924,2,3,-0.0076510119561358225
synthetic,multimodal n=50,K=2,0.0,0.007958158101553368,2,3,-0.0076510119561358225
synthetic,multimodal n=50,K=3,0.03948581125348549,0.04744396935503904,2,3,-0.0076510119561358225
synthetic,multimodal n=50,K=5,0.09955250756173728,0.10751066566329077,2,3,-0.0076510119561358225
synthetic,multimodal n=50,K=10,0.22183574925874572,0.2297939073602991,2,3,-0.0076510119561358225
synthetic,multimodal n=50,random K,0.11693951371334055,0.12489767181489389,2,3,-0.0076510119561358225
synthetic,multimodal n=50,transferred K,0.03948581125348549,0.04744396935503904,2,3,-0.0076510119561358225
synthetic,multimodal n=50,val-K,0.0531172018642182,0.061075359965771826,2,3,-0.0076510119561358225
synthetic,multimodal n=50,sparse,0.048856288218441346,0.0568144463199947,2,3,-0.0076510119561358225
synthetic,multimodal n=100,K=1,0.44014552572459525,0.44332473352300195,2,3,0.02156717410934228
synthetic,multimodal n=100,K=2,0.0,0.0031792077984066315,2,3,0.02156717410934228
synthetic,multimodal n=100,K=3,0.01324871726353688,0.01642792506194345,2,3,0.02156717410934228
synthetic,multimodal n=100,K=5,0.045916043009391616,0.04909525080779814,2,3,0.02156717410934228
synthetic,multimodal n=100,K=10,0.12364011411274684,0.1268193219111534,2,3,0.02156717410934228
synthetic,multimodal n=100,random K,0.12482757149938101,0.12800677929778753,2,3,0.02156717410934228
synthetic,multimodal n=100,transferred K,0.01324871726353688,0.01642792506194345,2,3,0.02156717410934228
synthetic,multimodal n=100,val-K,0.013736615171020983,0.016915822969427657,2,3,0.02156717410934228
synthetic,multimodal n=100,sparse,0.0007795451161473621,0.003958752914553898,2,3,0.02156717410934228
synthetic,multimodal n=200,K=1,0.5578702270204108,0.5686862700458029,3,3,0.011779655280269474
synthetic,multimodal n=200,K=2,0.022580966355032484,0.03339700938042436,3,3,0.011779655280269474
synthetic,multimodal n=200,K=3,0.0,0.010816043025391877,3,3,0.011779655280269474
synthetic,multimodal n=200,K=5,0.010486037967295359,0.021302080992687218,3,3,0.011779655280269474
synthetic,multimodal n=200,K=10,0.03382272133658892,0.04463876436198076,3,3,0.011779655280269474
synthetic,multimodal n=200,random K,0.14773430783568464,0.15855035086107652,3,3,0.011779655280269474
synthetic,multimodal n=200,transferred K,0.0,0.010816043025391877,3,3,0.011779655280269474
synthetic,multimodal n=200,val-K,-0.002257111698370895,0.008558931327021008,3,3,0.011779655280269474
synthetic,multimodal n=200,sparse,-0.013073631216601489,-0.0022575881912096024,3,3,0.011779655280269474
synthetic,well_specified n=50,K=1,0.0,0.01161442996271697,1,3,0.08131209388432209
synthetic,well_specified n=50,K=2,0.016761860176957674,0.02837629013967463,1,3,0.08131209388432209
synthetic,well_specified n=50,K=3,0.04780707689942408,0.059421506862141024,1,3,0.08131209388432209
synthetic,well_specified n=50,K=5,0.0938691754311389,0.10548360539385586,1,3,0.08131209388432209
synthetic,well_specified n=50,K=10,0.19731861291053032,0.20893304287324727,1,3,0.08131209388432209
synthetic,well_specified n=50,random K,0.039609528126880164,0.05122395808959712,1,3,0.08131209388432209
synthetic,well_specified n=50,transferred K,0.04780707689942408,0.059421506862141024,1,3,0.08131209388432209
synthetic,well_specified n=50,val-K,0.007919175737122738,0.0195336056998397,1,3,0.08131209388432209
synthetic,well_specified n=50,sparse,0.003868170107298008,0.015482600070014976,1,3,0.08131209388432209
synthetic,well_specified n=100,K=1,0.0,1.6904272343709616e-05,1,3,0.057311215326987575
synthetic,well_specified n=100,K=2,0.018036287557682773,0.018053191830026502,1,3,0.057311215326987575
synthetic,well_specified n=100,K=3,0.03720309328654953,0.03721999755889325,1,3,0.057311215326987575
synthetic,well_specified n=100,K=5,0.06199547326234767,0.062012377534691396,1,3,0.057311215326987575
synthetic,well_specified n=100,K=10,0.1260158989993534,0.12603280327169714,1,3,0.057311215326987575
synthetic,well_specified n=100,random K,0.02930871352664502,0.029325617798988717,1,3,0.057311215326987575
synthetic,well_specified n=100,transferred K,0.03720309328654953,0.03721999755889325,1,3,0.057311215326987575
synthetic,well_specified n=100,val-K,0.002507862933946975,0.002524767206290676,1,3,0.057311215326987575
synthetic,well_specified n=100,sparse,0.006202496015447451,0.006219400287791156,1,3,0.057311215326987575
synthetic,well_specified n=200,K=1,0.0,0.0007282028950148491,1,3,0.020481229947813262
synthetic,well_specified n=200,K=2,0.016121079048106696,0.01684928194312151,1,3,0.020481229947813262
synthetic,well_specified n=200,K=3,0.021382530482655954,0.022110733377670784,1,3,0.020481229947813262
synthetic,well_specified n=200,K=5,0.033464289416120896,0.034192492311135726,1,3,0.020481229947813262
synthetic,well_specified n=200,K=10,0.0690336156905598,0.06976181858557466,1,3,0.020481229947813262
synthetic,well_specified n=200,random K,0.017741974736720872,0.018470177631735717,1,3,0.020481229947813262
synthetic,well_specified n=200,transferred K,0.021382530482655954,0.022110733377670784,1,3,0.020481229947813262
synthetic,well_specified n=200,val-K,0.010189424806309355,0.010917627701324168,1,3,0.020481229947813262
synthetic,well_specified n=200,sparse,0.008008763933748497,0.008736966828763322,1,3,0.020481229947813262
uci_exact,concreteslump,K=1,0.2602417280636531,0.3455923178651902,3,3,-0.3189110438712077
uci_exact,concreteslump,K=2,0.08783179203435076,0.17318238183588772,3,3,-0.3189110438712077
uci_exact,concreteslump,K=3,0.0,0.08535058980153705,3,3,-0.3189110438712077
uci_exact,concreteslump,K=5,0.044738073569448034,0.1300886633709849,3,3,-0.3189110438712077
uci_exact,concreteslump,random K,0.09820289841686303,0.18355348821839998,3,3,-0.3189110438712077
uci_exact,concreteslump,transferred K,0.0,0.08535058980153705,3,3,-0.3189110438712077
uci_exact,concreteslump,val-K,0.04412869882329562,0.12947928862483268,3,3,-0.3189110438712077
uci_exact,concreteslump,sparse,0.036088225573627675,0.12143881537516457,3,3,-0.3189110438712077
uci_exact,servo,K=1,0.42029894431406556,0.4337238262800659,3,3,0.23922345109906284
uci_exact,servo,K=2,0.06631890426311163,0.07974378622911198,3,3,0.23922345109906284
uci_exact,servo,K=3,0.0,0.013424881966000354,3,3,0.23922345109906284
uci_exact,servo,K=5,0.035910437228456264,0.049335319194456606,3,3,0.23922345109906284
uci_exact,servo,random K,0.13063207145140837,0.1440569534174087,3,3,0.23922345109906284
uci_exact,servo,transferred K,0.0,0.013424881966000354,3,3,0.23922345109906284
uci_exact,servo,val-K,0.018066258675934962,0.0314911406419353,3,3,0.23922345109906284
uci_exact,servo,sparse,0.03749830430084013,0.05092318626684047,3,3,0.23922345109906284
uci_exact,machine,K=1,0.0,0.016317987619986173,1,3,-0.00222034005674443
uci_exact,machine,K=2,0.00040765685395227624,0.0167256444739384,1,3,-0.00222034005674443
uci_exact,machine,K=3,0.0006006670683496029,0.016918654688335744,1,3,-0.00222034005674443
uci_exact,machine,K=5,0.002633820993464542,0.018951808613450673,1,3,-0.00222034005674443
uci_exact,machine,random K,0.0009105362289415497,0.01722852384892775,1,3,-0.00222034005674443
uci_exact,machine,transferred K,0.0006006670683496029,0.016918654688335744,1,3,-0.00222034005674443
uci_exact,machine,val-K,0.004886174972392521,0.02120416259237871,1,3,-0.00222034005674443
uci_exact,machine,sparse,-0.0005340464771966813,0.01578394114278951,1,3,-0.00222034005674443
uci_exact,autompg,K=1,0.16529780865150462,0.17985789151151518,3,3,0.02421660865205294
uci_exact,autompg,K=2,0.03397699832012557,0.04853708118013615,3,3,0.02421660865205294
uci_exact,autompg,K=3,0.0,0.014560082860010598,3,3,0.02421660865205294
uci_exact,autompg,K=5,0.011043199772235168,0.02560328263224576,3,3,0.02421660865205294
uci_exact,autompg,random K,0.05257950168596631,0.06713958454597695,3,3,0.02421660865205294
uci_exact,autompg,transferred K,0.0,0.014560082860010598,3,3,0.02421660865205294
uci_exact,autompg,val-K,0.041187903246507895,0.0557479861065185,3,3,0.02421660865205294
uci_exact,autompg,sparse,0.02881925947612468,0.043379342336135315,3,3,0.02421660865205294
uci_exact,housing,K=1,0.21540897489362723,0.22557658833524963,5,3,0.10870805282253046
uci_exact,housing,K=2,0.03694822449634805,0.04711583793797048,5,3,0.10870805282253046
uci_exact,housing,K=3,0.01666536912445077,0.02683298256607316,5,3,0.10870805282253046
uci_exact,housing,K=5,0.0,0.010167613441622392,5,3,0.10870805282253046
uci_exact,housing,random K,0.06725564212860649,0.07742325557022892,5,3,0.10870805282253046
uci_exact,housing,transferred K,0.01666536912445077,0.02683298256607316,5,3,0.10870805282253046
uci_exact,housing,val-K,0.030289910318681196,0.04045752376030361,5,3,0.10870805282253046
uci_exact,housing,sparse,0.023347192657635935,0.033514806099258346,5,3,0.10870805282253046
uci_exact,stock,K=1,0.012417669219092653,0.022011432120138057,2,3,0.019042849783096005
uci_exact,stock,K=2,0.0,0.00959376290104539,2,3,0.019042849783096005
uci_exact,stock,K=3,0.0053907672710612475,0.014984530172106686,2,3,0.019042849783096005
uci_exact,stock,K=5,0.005333300928749285,0.014927063829794685,2,3,0.019042849783096005
uci_exact,stock,random K,0.0057854343547257825,0.01537919725577121,2,3,0.019042849783096005
uci_exact,stock,transferred K,0.0053907672710612475,0.014984530172106686,2,3,0.019042849783096005
uci_exact,stock,val-K,0.0072193547909456535,0.016813117691991054,2,3,0.019042849783096005
uci_exact,stock,sparse,0.009756830469657307,0.01935059337070278,2,3,0.019042849783096005
uci_exact,energy,K=1,0.14442649198405433,0.1648428328916277,3,3,-0.02131675481804529
uci_exact,energy,K=2,0.06972979056960327,0.09014613147717716,3,3,-0.02131675481804529
uci_exact,energy,K=3,0.0,0.020416340907573473,3,3,-0.02131675481804529
uci_exact,energy,K=5,0.03142478798932413,0.05184112889689787,3,3,-0.02131675481804529
uci_exact,energy,random K,0.061395267635745654,0.08181160854331908,3,3,-0.02131675481804529
uci_exact,energy,transferred K,0.0,0.020416340907573473,3,3,-0.02131675481804529
uci_exact,energy,val-K,0.04464936047002066,0.06506570137759426,3,3,-0.02131675481804529
uci_exact,energy,sparse,0.006727832710411663,0.027144173617985025,3,3,-0.02131675481804529
uci_exact,concrete,K=1,0.16732450796419288,0.18115401655210778,5,3,0.012912886879303798
uci_exact,concrete,K=2,0.06247903381751776,0.07630854240543267,5,3,0.012912886879303798
uci_exact,concrete,K=3,0.014723054664157631,0.02855256325207254,5,3,0.012912886879303798
uci_exact,concrete,K=5,0.0,0.013829508587914912,5,3,0.012912886879303798
uci_exact,concrete,random K,0.061131649111467075,0.07496115769938197,5,3,0.012912886879303798
uci_exact,concrete,transferred K,0.014723054664157631,0.02855256325207254,5,3,0.012912886879303798
uci_exact,concrete,val-K,0.0105600971212099,0.024389605709124806,5,3,0.012912886879303798
uci_exact,concrete,sparse,0.03355250693209551,0.04738201552001041,5,3,0.012912886879303798
pems,pems n=200,K=1,0.19667817720909075,0.2131524836840751,3,3,0.0638029295614092
pems,pems n=200,K=2,0.006409260145811224,0.02288356662079553,3,3,0.0638029295614092
pems,pems n=200,K=3,0.0,0.0164743064749844,3,3,0.0638029295614092
pems,pems n=200,K=5,0.006001239256443247,0.022475545731427543,3,3,0.0638029295614092
pems,pems n=200,random K,0.05227216915283639,0.06874647562782066,3,3,0.0638029295614092
pems,pems n=200,transferred K,0.0,0.0164743064749844,3,3,0.0638029295614092
pems,pems n=200,val-K,0.0039991442724574,0.020473450747441772,3,3,0.0638029295614092
pems,pems n=200,sparse,0.006323986215970967,0.022798292690955284,3,3,0.0638029295614092
pems,pems n=225,K=1,0.2168018962951439,0.24060387202673983,2,3,0.05868568499252036
pems,pems n=225,K=2,0.0,0.0238019757315955,2,3,0.05868568499252036
pems,pems n=225,K=3,0.009451088665742846,0.033253064397338515,2,3,0.05868568499252036
pems,pems n=225,K=5,0.0011275137829496185,0.024929489514545194,2,3,0.05868568499252036
pems,pems n=225,random K,0.05684512468595915,0.08064710041755475,2,3,0.05868568499252036
pems,pems n=225,transferred K,0.009451088665742846,0.033253064397338515,2,3,0.05868568499252036
pems,pems n=225,val-K,-0.002266695477674774,0.02153528025392079,2,3,0.05868568499252036
pems,pems n=225,sparse,0.020035334328969645,0.04383731006056522,2,3,0.05868568499252036
pems,pems n=250,K=1,0.24279539317221166,0.2641177364536488,2,3,0.05220891307003794
pems,pems n=250,K=2,0.0,0.021322343281437263,2,3,0.05220891307003794
pems,pems n=250,K=3,0.009158969823526042,0.03048131310496343,2,3,0.05220891307003794
pems,pems n=250,K=5,0.009380413217568773,0.030702756499005956,2,3,0.05220891307003794
pems,pems n=250,random K,0.06533369405332667,0.08665603733476387,2,3,0.05220891307003794
pems,pems n=250,transferred K,0.009158969823526042,0.03048131310496343,2,3,0.05220891307003794
pems,pems n=250,val-K,0.017653953753057672,0.03897629703449505,2,3,0.05220891307003794
pems,pems n=250,sparse,0.004237993063625933,0.025560336345063307,2,3,0.05220891307003794
pems,pems n=275,K=1,0.27931663107863647,0.2989742717165403,2,3,0.0589242639832378
pems,pems n=275,K=2,0.0,0.019657640637903633,2,3,0.0589242639832378
pems,pems n=275,K=3,0.010019169488321045,0.029676810126224952,2,3,0.0589242639832378
pems,pems n=275,K=5,0.015338808171881269,0.034996448809784975,2,3,0.0589242639832378
pems,pems n=275,random K,0.07616865218470958,0.09582629282261344,2,3,0.0589242639832378
pems,pems n=275,transferred K,0.010019169488321045,0.029676810126224952,2,3,0.0589242639832378
pems,pems n=275,val-K,0.0121339375881524,0.03179157822605618,2,3,0.0589242639832378
pems,pems n=275,sparse,0.011330109112449027,0.0309877497503529,2,3,0.0589242639832378
