group,setting,choice,regret,regret_per_split,best_k,ks_run,transferred_k,pro_minus_best_k
synthetic,block_outliers n=50,K=1,0.35951808636513705,0.4186779984587844,3,"1,2,3,5,10",5,0.0626854946693638
synthetic,block_outliers n=50,K=2,0.062253176424658996,0.12141308851830604,3,"1,2,3,5,10",5,0.0626854946693638
synthetic,block_outliers n=50,K=3,0.0,0.059159912093647016,3,"1,2,3,5,10",5,0.0626854946693638
synthetic,block_outliers n=50,K=5,0.047881594799442095,0.10704150689308911,3,"1,2,3,5,10",5,0.0626854946693638
synthetic,block_outliers n=50,K=10,0.07466049071433167,0.13382040280797872,3,"1,2,3,5,10",5,0.0626854946693638
synthetic,block_outliers n=50,random K,0.108862669660714,0.168022581754361,3,"1,2,3,5,10",5,0.0626854946693638
synthetic,block_outliers n=50,transferred K,0.047881594799442095,0.10704150689308911,3,"1,2,3,5,10",5,0.0626854946693638
synthetic,block_outliers n=50,val-K,0.24626063983036772,0.30542055192401485,3,"1,2,3,5,10",5,0.0626854946693638
synthetic,block_outliers n=100,K=1,0.6411802913611747,0.6692159613705966,5,"1,2,3,5,10",5,-0.12833229681924058
synthetic,block_outliers n=100,K=2,0.07199048043803702,0.10002615044745902,5,"1,2,3,5,10",5,-0.12833229681924058
synthetic,block_outliers n=100,K=3,0.016389404160861265,0.04442507417028327,5,"1,2,3,5,10",5,-0.12833229681924058
synthetic,block_outliers n=100,K=5,0.0,0.028035670009422076,5,"1,2,3,5,10",5,-0.12833229681924058
synthetic,block_outliers n=100,K=10,0.03329085401503329,0.0613265240244553,5,"1,2,3,5,10",5,-0.12833229681924058
synthetic,block_outliers n=100,random K,0.15257020599502125,0.18060587600444322,5,"1,2,3,5,10",5,-0.12833229681924058
synthetic,block_outliers n=100,transferred K,0.0,0.028035670009422076,5,"1,2,3,5,10",5,-0.12833229681924058
synthetic,block_outliers n=100,val-K,0.5690443912361624,0.5970800612455844,5,"1,2,3,5,10",5,-0.12833229681924058
synthetic,block_outliers n=200,K=1,0.7265742585294053,0.7573120967896777,10,"1,2,3,5,10",5,-0.09851959385910392
synthetic,block_outliers n=200,K=2,0.0803054773726734,0.11104331563294587,10,"1,2,3,5,10",5,-0.09851959385910392
synthetic,block_outliers n=200,K=3,0.030621588306012915,0.06135942656628531,10,"1,2,3,5,10",5,-0.09851959385910392
synthetic,block_outliers n=200,K=5,0.010777824898392685,0.04151566315866505,10,"1,2,3,5,10",5,-0.09851959385910392
synthetic,block_outliers n=200,K=10,0.0,0.030737838260272432,10,"1,2,3,5,10",5,-0.09851959385910392
synthetic,block_outliers n=200,random K,0.1696558298212969,0.2003936680815693,10,"1,2,3,5,10",5,-0.09851959385910392
synthetic,block_outliers n=200,transferred K,0.010777824898392685,0.04151566315866505,10,"1,2,3,5,10",5,-0.09851959385910392
synthetic,block_outliers n=200,val-K,0.4913691246209435,0.5221069628812158,10,"1,2,3,5,10",5,-0.09851959385910392
synthetic,heteroskedastic n=50,K=1,0.3306786990384456,0.37452773859370175,3,"1,2,3,5,10",5,0.17739475594981768
synthetic,heteroskedastic n=50,K=2,0.02290755189329574,0.06675659144855194,3,"1,2,3,5,10",5,0.17739475594981768
synthetic,heteroskedastic n=50,K=3,0.0,0.043849039555256195,3,"1,2,3,5,10",5,0.17739475594981768
synthetic,heteroskedastic n=50,K=5,0.023899236041440064,0.06774827559669608,3,"1,2,3,5,10",5,0.17739475594981768
synthetic,heteroskedastic n=50,K=10,0.07016609916102035,0.11401513871627648,3,"1,2,3,5,10",5,0.17739475594981768
synthetic,heteroskedastic n=50,random K,0.08953031722684035,0.1333793567820965,3,"1,2,3,5,10",5,0.17739475594981768
synthetic,heteroskedastic n=50,transferred K,0.023899236041440064,0.06774827559669608,3,"1,2,3,5,10",5,0.17739475594981768
synthetic,heteroskedastic n=50,val-K,0.0496905615614579,0.09353960111671403,3,"1,2,3,5,10",5,0.17739475594981768
synthetic,heteroskedastic n=100,K=1,0.22014178406378115,0.23782376201843208,5,"1,2,3,5,10",5,0.022231808257501262
synthetic,heteroskedastic n=100,K=2,0.06714782087085525,0.08482979882550615,5,"1,2,3,5,10",5,0.022231808257501262
synthetic,heteroskedastic n=100,K=3,0.007219321324477446,0.024901299279128455,5,"1,2,3,5,10",5,0.022231808257501262
synthetic,heteroskedastic n=100,K=5,0.0,0.01768197795465093,5,"1,2,3,5,10",5,0.022231808257501262
synthetic,heteroskedastic n=100,K=10,0.031100430531105006,0.048782408485756004,5,"1,2,3,5,10",5,0.022231808257501262
synthetic,heteroskedastic n=100,random K,0.0651218713580437,0.08280384931269472,5,"1,2,3,5,10",5,0.022231808257501262
synthetic,heteroskedastic n=100,transferred K,0.0,0.01768197795465093,5,"1,2,3,5,10",5,0.022231808257501262
synthetic,heteroskedastic n=100,val-K,0.0268634712026119,0.04454544915726293,5,"1,2,3,5,10",5,0.022231808257501262
synthetic,heteroskedastic n=200,K=1,0.21065371889676937,0.22915891982471334,5,"1,2,3,5,10",5,0.011861836803423731
synthetic,heteroskedastic n=200,K=2,0.06304172265992963,0.08154692358787362,5,"1,2,3,5,10",5,0.011861836803423731
synthetic,heteroskedastic n=200,K=3,0.017186297429422737,0.03569149835736666,5,"1,2,3,5,10",5,0.011861836803423731
synthetic,heteroskedastic n=200,K=5,0.0,0.01850520092794393,5,"1,2,3,5,10",5,0.011861836803423731
synthetic,heteroskedastic n=200,K=10,0.015547744187310752,0.03405294511525461,5,"1,2,3,5,10",5,0.011861836803423731
synthetic,heteroskedastic n=200,random K,0.061285896634686476,0.07979109756263045,5,"1,2,3,5,10",5,0.011861836803423731
synthetic,heteroskedastic n=200,transferred K,0.0,0.01850520092794393,5,"1,2,3,5,10",5,0.011861836803423731
synthetic,heteroskedastic n=200,val-K,0.023579671873179386,0.04208487280112335,5,"1,2,3,5,10",5,0.011861836803423731
synthetic,multimodal n=50,K=1,0.382865000719973,0.3984908049022493,2,"1,2,3,5,10",5,0.04649425272569829
synthetic,multimodal n=50,K=2,0.0,0.01562580418227624,2,"1,2,3,5,10",5,0.04649425272569829
synthetic,multimodal n=50,K=3,0.029176382082634178,0.0448021862649104,2,"1,2,3,5,10",5,0.04649425272569829
synthetic,multimodal n=50,K=5,0.07008257407213137,0.08570837825440769,2,"1,2,3,5,10",5,0.04649425272569829
synthetic,multimodal n=50,K=10,0.20062456133995654,0.2162503655222329,2,"1,2,3,5,10",5,0.04649425272569829
synthetic,multimodal n=50,random K,0.13654970364293917,0.15217550782521533,2,"1,2,3,5,10",5,0.04649425272569829
synthetic,multimodal n=50,transferred K,0.07008257407213137,0.08570837825440769,2,"1,2,3,5,10",5,0.04649425272569829
synthetic,multimodal n=50,val-K,0.024262287712037867,0.0398880918943141,2,"1,2,3,5,10",5,0.04649425272569829
synthetic,multimodal n=100,K=1,0.47260967308956725,0.486072234147913,2,"1,2,3,5,10",5,0.054031321474314276
synthetic,multimodal n=100,K=2,0.0,0.01346256105834558,2,"1,2,3,5,10",5,0.054031321474314276
synthetic,multimodal n=100,K=3,0.01306880712819336,0.026531368186538885,2,"1,2,3,5,10",5,0.054031321474314276
synthetic,multimodal n=100,K=5,0.04153461237739675,0.054997173435742376,2,"1,2,3,5,10",5,0.054031321474314276
synthetic,multimodal n=100,K=10,0.11336236024080204,0.12682492129914766,2,"1,2,3,5,10",5,0.054031321474314276
synthetic,multimodal n=100,random K,0.12811509056719195,0.1415776516255375,2,"1,2,3,5,10",5,0.054031321474314276
synthetic,multimodal n=100,transferred K,0.04153461237739675,0.054997173435742376,2,"1,2,3,5,10",5,0.054031321474314276
synthetic,multimodal n=100,val-K,0.00956051165237326,0.023023072710718878,2,"1,2,3,5,10",5,0.054031321474314276
synthetic,multimodal n=200,K=1,0.5976998943386881,0.6088185178642069,3,"1,2,3,5,10",5,0.051609322598546725
synthetic,multimodal n=200,K=2,0.048195665925065245,0.059314289450583965,3,"1,2,3,5,10",5,0.051609322598546725
synthetic,multimodal n=200,K=3,0.0,0.011118623525518716,3,"1,2,3,5,10",5,0.051609322598546725
synthetic,multimodal n=200,K=5,0.013781895659511656,0.024900519185030428,3,"1,2,3,5,10",5,0.051609322598546725
synthetic,multimodal n=200,K=10,0.03843375732662013,0.04955238085213879,3,"1,2,3,5,10",5,0.051609322598546725
synthetic,multimodal n=200,random K,0.13962224264997702,0.15074086617549576,3,"1,2,3,5,10",5,0.051609322598546725
synthetic,multimodal n=200,transferred K,0.013781895659511656,0.024900519185030428,3,"1,2,3,5,10",5,0.051609322598546725
synthetic,multimodal n=200,val-K,0.0035724910915725383,0.014691114617091222,3,"1,2,3,5,10",5,0.051609322598546725
synthetic,well_specified n=50,K=1,0.0,0.010938866559848662,1,"1,2,3,5,10",5,0.08131209388432209
synthetic,well_specified n=50,K=2,0.013568055184769626,0.024506921744618288,1,"1,2,3,5,10",5,0.08131209388432209
synthetic,well_specified n=50,K=3,0.049767136856482846,0.06070600341633149,1,"1,2,3,5,10",5,0.08131209388432209
synthetic,well_specified n=50,K=5,0.09113455699977098,0.10207342355961964,1,"1,2,3,5,10",5,0.08131209388432209
synthetic,well_specified n=50,K=10,0.20159914640906246,0.2125380129689111,1,"1,2,3,5,10",5,0.08131209388432209
synthetic,well_specified n=50,random K,0.07121377909001718,0.08215264564986582,1,"1,2,3,5,10",5,0.08131209388432209
synthetic,well_specified n=50,transferred K,0.09113455699977098,0.10207342355961964,1,"1,2,3,5,10",5,0.08131209388432209
synthetic,well_specified n=50,val-K,0.0061039358902547775,0.01704280245010343,1,"1,2,3,5,10",5,0.08131209388432209
synthetic,well_specified n=100,K=1,0.0,0.00020647159478754117,1,"1,2,3,5,10",5,0.057311215326987575
synthetic,well_specified n=100,K=2,0.020727056886751666,0.02093352848153921,1,"1,2,3,5,10",5,0.057311215326987575
synthetic,well_specified n=100,K=3,0.038336610630924056,0.03854308222571166,1,"1,2,3,5,10",5,0.057311215326987575
synthetic,well_specified n=100,K=5,0.06267514630144294,0.06288161789623051,1,"1,2,3,5,10",5,0.057311215326987575
synthetic,well_specified n=100,K=10,0.12367783699011636,0.12388430858490393,1,"1,2,3,5,10",5,0.057311215326987575
synthetic,well_specified n=100,random K,0.049083330161847044,0.04928980175663457,1,"1,2,3,5,10",5,0.057311215326987575
synthetic,well_specified n=100,transferred K,0.06267514630144294,0.06288161789623051,1,"1,2,3,5,10",5,0.057311215326987575
synthetic,well_specified n=100,val-K,0.0027322915510750168,0.002938763145862556,1,"1,2,3,5,10",5,0.057311215326987575
synthetic,well_specified n=200,K=1,0.0,0.0008277762106071163,1,"1,2,3,5,10",5,0.020481229947813262
synthetic,well_specified n=200,K=2,0.009607761185357111,0.010435537395964202,1,"1,2,3,5,10",5,0.020481229947813262
synthetic,well_specified n=200,K=3,0.02018950069552697,0.021017276906134107,1,"1,2,3,5,10",5,0.020481229947813262
synthetic,well_specified n=200,K=5,0.03280101232694946,0.033628788537556575,1,"1,2,3,5,10",5,0.020481229947813262
synthetic,well_specified n=200,K=10,0.06843781193717341,0.06926558814778053,1,"1,2,3,5,10",5,0.020481229947813262
synthetic,well_specified n=200,random K,0.026207217229001434,0.027034993439608513,1,"1,2,3,5,10",5,0.020481229947813262
synthetic,well_specified n=200,transferred K,0.03280101232694946,0.033628788537556575,1,"1,2,3,5,10",5,0.020481229947813262
synthetic,well_specified n=200,val-K,0.009212681864135153,0.010040458074742287,1,"1,2,3,5,10",5,0.020481229947813262
uci_exact,concreteslump,K=1,0.2721736932213785,0.39434455259395873,5,"1,2,3,5,10",5,-0.3069790787134823
uci_exact,concreteslump,K=2,0.02948362408506955,0.1516544834576496,5,"1,2,3,5,10",5,-0.3069790787134823
uci_exact,concreteslump,K=3,0.034851478181493256,0.15702233755407338,5,"1,2,3,5,10",5,-0.3069790787134823
uci_exact,concreteslump,K=5,0.0,0.12217085937258007,5,"1,2,3,5,10",5,-0.3069790787134823
uci_exact,concreteslump,K=10,0.020761207726855524,0.14293206709943582,5,"1,2,3,5,10",5,-0.3069790787134823
uci_exact,concreteslump,random K,0.07145400064295915,0.19362486001553952,5,"1,2,3,5,10",5,-0.3069790787134823
uci_exact,concreteslump,transferred K,0.0,0.12217085937258007,5,"1,2,3,5,10",5,-0.3069790787134823
uci_exact,concreteslump,val-K,-0.005338949120972547,0.11683191025160762,5,"1,2,3,5,10",5,-0.3069790787134823
uci_exact,servo,K=1,0.42915851756180157,0.4517916448323345,5,"1,2,3,5,10",5,0.24808302434679885
uci_exact,servo,K=2,0.16954842435986256,0.19218155163039558,5,"1,2,3,5,10",5,0.24808302434679885
uci_exact,servo,K=3,0.06664638203771281,0.08927950930824585,5,"1,2,3,5,10",5,0.24808302434679885
uci_exact,servo,K=5,0.0,0.022633127270533047,5,"1,2,3,5,10",5,0.24808302434679885
uci_exact,servo,K=10,0.05041307377453657,0.0730462010450696,5,"1,2,3,5,10",5,0.24808302434679885
uci_exact,servo,random K,0.1431532795467827,0.16578640681731574,5,"1,2,3,5,10",5,0.24808302434679885
uci_exact,servo,transferred K,0.0,0.022633127270533047,5,"1,2,3,5,10",5,0.24808302434679885
uci_exact,servo,val-K,0.06062129623636557,0.08325442350689863,5,"1,2,3,5,10",5,0.24808302434679885
uci_exact,machine,K=1,0.007130504358416445,0.016213227692309658,2,"1,2,3,5,10",5,0.004910164301672015
uci_exact,machine,K=2,0.0,0.009082723333893072,2,"1,2,3,5,10",5,0.004910164301672015
uci_exact,machine,K=3,0.008563228886719454,0.017645952220612597,2,"1,2,3,5,10",5,0.004910164301672015
uci_exact,machine,K=5,0.012237338567732903,0.02132006190162617,2,"1,2,3,5,10",5,0.004910164301672015
uci_exact,machine,K=10,0.020673632649635842,0.02975635598352902,2,"1,2,3,5,10",5,0.004910164301672015
uci_exact,machine,random K,0.009720940892500973,0.018803664226394103,2,"1,2,3,5,10",5,0.004910164301672015
uci_exact,machine,transferred K,0.012237338567732903,0.02132006190162617,2,"1,2,3,5,10",5,0.004910164301672015
uci_exact,machine,val-K,0.016615089659898108,0.025697812993791334,2,"1,2,3,5,10",5,0.004910164301672015
uci_exact,autompg,K=1,0.15843616130584698,0.18033981826467677,5,"1,2,3,5,10",5,0.0173549613063953
uci_exact,autompg,K=2,0.06873241414393022,0.09063607110276009,5,"1,2,3,5,10",5,0.0173549613063953
uci_exact,autompg,K=3,0.005077967339624401,0.02698162429845421,5,"1,2,3,5,10",5,0.0173549613063953
uci_exact,autompg,K=5,0.0,0.02190365695882988,5,"1,2,3,5,10",5,0.0173549613063953
uci_exact,autompg,K=10,0.011860595265989204,0.03376425222481905,5,"1,2,3,5,10",5,0.0173549613063953
uci_exact,autompg,random K,0.048821427611078105,0.07072508456990798,5,"1,2,3,5,10",5,0.0173549613063953
uci_exact,autompg,transferred K,0.0,0.02190365695882988,5,"1,2,3,5,10",5,0.0173549613063953
uci_exact,autompg,val-K,0.050517602808761664,0.0724212597675915,5,"1,2,3,5,10",5,0.0173549613063953
uci_exact,housing,K=1,0.21346608886692614,0.22950408871537437,3,"1,2,3,5,10",5,0.10676516679582937
uci_exact,housing,K=2,0.048664951107276894,0.06470295095572516,3,"1,2,3,5,10",5,0.10676516679582937
uci_exact,housing,K=3,0.0,0.016037999848448257,3,"1,2,3,5,10",5,0.10676516679582937
uci_exact,housing,K=5,0.002973319995400958,0.01901131984384918,3,"1,2,3,5,10",5,0.10676516679582937
uci_exact,housing,K=10,0.0038456974559244184,0.019883697304372644,3,"1,2,3,5,10",5,0.10676516679582937
uci_exact,housing,random K,0.05379001148510568,0.06982801133355392,3,"1,2,3,5,10",5,0.10676516679582937
uci_exact,housing,transferred K,0.002973319995400958,0.01901131984384918,3,"1,2,3,5,10",5,0.10676516679582937
uci_exact,housing,val-K,0.019893902219291215,0.03593190206773944,3,"1,2,3,5,10",5,0.10676516679582937
uci_exact,stock,K=1,0.012426398444402686,0.021082581260335177,2,"1,2,3,5,10",5,0.01905157900840604
uci_exact,stock,K=2,0.0,0.008656182815932499,2,"1,2,3,5,10",5,0.01905157900840604
uci_exact,stock,K=3,0.004982504484340844,0.013638687300273317,2,"1,2,3,5,10",5,0.01905157900840604
uci_exact,stock,K=5,0.005082863842923058,0.013739046658855596,2,"1,2,3,5,10",5,0.01905157900840604
uci_exact,stock,K=10,0.01342433007093452,0.02208051288686703,2,"1,2,3,5,10",5,0.01905157900840604
uci_exact,stock,random K,0.007183219368520177,0.015839402184452723,2,"1,2,3,5,10",5,0.01905157900840604
uci_exact,stock,transferred K,0.005082863842923058,0.013739046658855596,2,"1,2,3,5,10",5,0.01905157900840604
uci_exact,stock,val-K,0.008017982378145105,0.016674165194077616,2,"1,2,3,5,10",5,0.01905157900840604
uci_exact,energy,K=1,0.15782868427820707,0.17698635437412838,10,"1,2,3,5,10",5,-0.007914562523892554
uci_exact,energy,K=2,0.0950389909362368,0.11419666103215824,10,"1,2,3,5,10",5,-0.007914562523892554
uci_exact,energy,K=3,0.10146418555069792,0.12062185564661929,10,"1,2,3,5,10",5,-0.007914562523892554
uci_exact,energy,K=5,0.008451507157951621,0.02760917725387324,10,"1,2,3,5,10",5,-0.007914562523892554
uci_exact,energy,K=10,0.0,0.019157670095921862,10,"1,2,3,5,10",5,-0.007914562523892554
uci_exact,energy,random K,0.07255667358461904,0.09171434368054021,10,"1,2,3,5,10",5,-0.007914562523892554
uci_exact,energy,transferred K,0.008451507157951621,0.02760917725387324,10,"1,2,3,5,10",5,-0.007914562523892554
uci_exact,energy,val-K,0.08826226984981034,0.1074199399457318,10,"1,2,3,5,10",5,-0.007914562523892554
uci_exact,concrete,K=1,0.14329209469949966,0.17114312992038616,5,"1,2,3,5,10",5,-0.011119526385389423
uci_exact,concrete,K=2,0.07943482555454132,0.10728586077542782,5,"1,2,3,5,10",5,-0.011119526385389423
uci_exact,concrete,K=3,0.033085848392975986,0.06093688361386249,5,"1,2,3,5,10",5,-0.011119526385389423
uci_exact,concrete,K=5,0.0,0.027851035220886493,5,"1,2,3,5,10",5,-0.011119526385389423
uci_exact,concrete,K=10,0.003609775578760986,0.03146081079964748,5,"1,2,3,5,10",5,-0.011119526385389423
uci_exact,concrete,random K,0.051884508845155594,0.07973554406604208,5,"1,2,3,5,10",5,-0.011119526385389423
uci_exact,concrete,transferred K,0.0,0.027851035220886493,5,"1,2,3,5,10",5,-0.011119526385389423
uci_exact,concrete,val-K,0.011564027605152405,0.039415062826038905,5,"1,2,3,5,10",5,-0.011119526385389423
uci_inducing,wine,K=1,0.055935533158390505,0.06740096882821398,10,"1,2,3,5,10",5,-0.0399273909984772
uci_inducing,wine,K=2,0.035870505561344856,0.047335941231168424,10,"1,2,3,5,10",5,-0.0399273909984772
uci_inducing,wine,K=3,0.0050374247742048794,0.0165028604440284,10,"1,2,3,5,10",5,-0.0399273909984772
uci_inducing,wine,K=5,0.002890460610056822,0.014355896279880358,10,"1,2,3,5,10",5,-0.0399273909984772
uci_inducing,wine,K=10,0.0,0.011465435669823531,10,"1,2,3,5,10",5,-0.0399273909984772
uci_inducing,wine,random K,0.01994678482079948,0.03141222049062293,10,"1,2,3,5,10",5,-0.0399273909984772
uci_inducing,wine,transferred K,0.002890460610056822,0.014355896279880358,10,"1,2,3,5,10",5,-0.0399273909984772
uci_inducing,wine,val-K,0.000474941425763431,0.011940377095586891,10,"1,2,3,5,10",5,-0.0399273909984772
uci_inducing,skillcraft,K=1,0.03508027488803578,0.03592477756642594,3,"1,2,3,5,10",5,0.007398410734270056
uci_inducing,skillcraft,K=2,0.005792288173598337,0.006636790851988328,3,"1,2,3,5,10",5,0.007398410734270056
uci_inducing,skillcraft,K=3,0.0,0.0008445026783900466,3,"1,2,3,5,10",5,0.007398410734270056
uci_inducing,skillcraft,K=5,0.0014044341794254844,0.0022489368578157754,3,"1,2,3,5,10",5,0.007398410734270056
uci_inducing,skillcraft,K=10,0.002822359950414466,0.003666862628804535,3,"1,2,3,5,10",5,0.007398410734270056
uci_inducing,skillcraft,random K,0.009019871438294746,0.009864374116684893,3,"1,2,3,5,10",5,0.007398410734270056
uci_inducing,skillcraft,transferred K,0.0014044341794254844,0.0022489368578157754,3,"1,2,3,5,10",5,0.007398410734270056
uci_inducing,skillcraft,val-K,0.002311100257864407,0.0031556029362545535,3,"1,2,3,5,10",5,0.007398410734270056
uci_inducing,abalone,K=1,0.18171428519072197,0.1857543271582732,5,"1,2,3,5,10",5,0.000597320900095788
uci_inducing,abalone,K=2,0.07973914509676028,0.08377918706431146,5,"1,2,3,5,10",5,0.000597320900095788
uci_inducing,abalone,K=3,0.027954634125291977,0.031994676092843045,5,"1,2,3,5,10",5,0.000597320900095788
uci_inducing,abalone,K=5,0.0,0.0040400419675512885,5,"1,2,3,5,10",5,0.000597320900095788
uci_inducing,abalone,K=10,0.0013155599658625228,0.005355601933413589,5,"1,2,3,5,10",5,0.000597320900095788
uci_inducing,abalone,random K,0.058144724875727416,0.06218476684327852,5,"1,2,3,5,10",5,0.000597320900095788
uci_inducing,abalone,transferred K,0.0,0.0040400419675512885,5,"1,2,3,5,10",5,0.000597320900095788
uci_inducing,abalone,val-K,0.0,0.0040400419675512885,5,"1,2,3,5,10",5,0.000597320900095788
uci_inducing,parkinsons,K=1,0.4969926031555656,0.5087626520185907,3,"1,2,3,5,10",5,0.09438222524672124
uci_inducing,parkinsons,K=2,0.06559068372145038,0.07736073258447536,3,"1,2,3,5,10",5,0.09438222524672124
uci_inducing,parkinsons,K=3,0.0,0.011770048863024973,3,"1,2,3,5,10",5,0.09438222524672124
uci_inducing,parkinsons,K=5,0.036196130929705195,0.047966179792730254,3,"1,2,3,5,10",5,0.09438222524672124
uci_inducing,parkinsons,K=10,0.07821660821400167,0.08998665707702655,3,"1,2,3,5,10",5,0.09438222524672124
uci_inducing,parkinsons,random K,0.13539920520414483,0.1471692540671697,3,"1,2,3,5,10",5,0.09438222524672124
uci_inducing,parkinsons,transferred K,0.036196130929705195,0.047966179792730254,3,"1,2,3,5,10",5,0.09438222524672124
uci_inducing,parkinsons,val-K,0.013550843513212563,0.02532089237623758,3,"1,2,3,5,10",5,0.09438222524672124
uci_inducing,airquality,K=1,0.3486996095699494,0.34869960956994933,10,"1,2,3,5,10",5,-0.0023628568438450737
uci_inducing,airquality,K=2,0.2409236527348275,0.24092365273482746,10,"1,2,3,5,10",5,-0.0023628568438450737
uci_inducing,airquality,K=3,0.10680403635788904,0.106804036357889,10,"1,2,3,5,10",5,-0.0023628568438450737
uci_inducing,airquality,K=5,0.04233555707670672,0.04233555707670668,10,"1,2,3,5,10",5,-0.0023628568438450737
uci_inducing,airquality,K=10,0.0,0.0,10,"1,2,3,5,10",5,-0.0023628568438450737
uci_inducing,airquality,random K,0.14775257114787452,0.1477525711478745,10,"1,2,3,5,10",5,-0.0023628568438450737
uci_inducing,airquality,transferred K,0.04233555707670672,0.04233555707670668,10,"1,2,3,5,10",5,-0.0023628568438450737
uci_inducing,airquality,val-K,0.04233555707670672,0.04233555707670668,10,"1,2,3,5,10",5,-0.0023628568438450737
uci_large,elevators,K=1,0.08805086748104451,0.08899584537210675,10,"1,2,3,5,10",5,-0.04386483321434537
uci_large,elevators,K=2,0.022266771759358206,0.0232117496504205,10,"1,2,3,5,10",5,-0.04386483321434537
uci_large,elevators,K=3,0.0035150831790933257,0.004460061070155581,10,"1,2,3,5,10",5,-0.04386483321434537
uci_large,elevators,K=5,0.0013096685168509925,0.002254646407913267,10,"1,2,3,5,10",5,-0.04386483321434537
uci_large,elevators,K=10,0.0,0.0009449778910622745,10,"1,2,3,5,10",5,-0.04386483321434537
uci_large,elevators,random K,0.02302847818726944,0.02397345607833168,10,"1,2,3,5,10",5,-0.04386483321434537
uci_large,elevators,transferred K,0.0013096685168509925,0.002254646407913267,10,"1,2,3,5,10",5,-0.04386483321434537
uci_large,protein,K=1,0.3719656883904835,0.37196568839048344,10,"1,2,3,5,10",5,-0.02847610598298611
uci_large,protein,K=2,0.2571111928344514,0.25711119283445144,10,"1,2,3,5,10",5,-0.02847610598298611
uci_large,protein,K=3,0.18444352610673065,0.18444352610673068,10,"1,2,3,5,10",5,-0.02847610598298611
uci_large,protein,K=5,0.11032913324152338,0.11032913324152353,10,"1,2,3,5,10",5,-0.02847610598298611
uci_large,protein,K=10,0.0,0.0,10,"1,2,3,5,10",5,-0.02847610598298611
uci_large,protein,random K,0.1847699081146379,0.18476990811463787,10,"1,2,3,5,10",5,-0.02847610598298611
uci_large,protein,transferred K,0.11032913324152338,0.11032913324152353,10,"1,2,3,5,10",5,-0.02847610598298611
pems,pems n=200,K=1,0.16220383767844138,0.1801785636901813,5,"1,2,3,5",5,0.029328590030759827
pems,pems n=200,K=2,0.02255795370192859,0.04053267971366863,5,"1,2,3,5",5,0.029328590030759827
pems,pems n=200,K=3,0.009411831447790897,0.027386557459530874,5,"1,2,3,5",5,0.029328590030759827
pems,pems n=200,K=5,0.0,0.01797472601174,5,"1,2,3,5",5,0.029328590030759827
pems,pems n=200,random K,0.04854340570704041,0.06651813171878021,5,"1,2,3,5",5,0.029328590030759827
pems,pems n=200,transferred K,0.0,0.01797472601174,5,"1,2,3,5",5,0.029328590030759827
pems,pems n=200,val-K,0.015956188957273243,0.033930914969013175,5,"1,2,3,5",5,0.029328590030759827
pems,pems n=225,K=1,0.16718447880638787,0.187914495108859,3,"1,2,3,5",5,0.009068267503764327
pems,pems n=225,K=2,0.026637962013857708,0.04736797831632888,3,"1,2,3,5",5,0.009068267503764327
pems,pems n=225,K=3,0.0,0.02073001630247088,3,"1,2,3,5",5,0.009068267503764327
pems,pems n=225,K=5,0.001522000341038221,0.022252016643508864,3,"1,2,3,5",5,0.009068267503764327
pems,pems n=225,random K,0.04883611029032098,0.0695661265927919,3,"1,2,3,5",5,0.009068267503764327
pems,pems n=225,transferred K,0.001522000341038221,0.022252016643508864,3,"1,2,3,5",5,0.009068267503764327
pems,pems n=225,val-K,0.007985964878693741,0.02871598118116453,3,"1,2,3,5",5,0.009068267503764327
pems,pems n=250,K=1,0.2208617673245037,0.23378173436503044,5,"1,2,3,5",5,0.030275287222329972
pems,pems n=250,K=2,0.03514903132221581,0.048068998362742726,5,"1,2,3,5",5,0.030275287222329972
pems,pems n=250,K=3,0.019126681876297957,0.032046648916824946,5,"1,2,3,5",5,0.030275287222329972
pems,pems n=250,K=5,0.0,0.012919967040526842,5,"1,2,3,5",5,0.030275287222329972
pems,pems n=250,random K,0.06878437013075445,0.08170433717128124,5,"1,2,3,5",5,0.030275287222329972
pems,pems n=250,transferred K,0.0,0.012919967040526842,5,"1,2,3,5",5,0.030275287222329972
pems,pems n=250,val-K,0.025158846187923523,0.03807881322845026,5,"1,2,3,5",5,0.030275287222329972
pems,pems n=275,K=1,0.2591075476914769,0.2717989128820279,5,"1,2,3,5",5,0.03871518059607826
pems,pems n=275,K=2,0.06894849259563429,0.08163985778618524,5,"1,2,3,5",5,0.03871518059607826
pems,pems n=275,K=3,0.040192201737279776,0.05288356692783064,5,"1,2,3,5",5,0.03871518059607826
pems,pems n=275,K=5,0.0,0.012691365190551012,5,"1,2,3,5",5,0.03871518059607826
pems,pems n=275,random K,0.09206206050609766,0.10475342569664865,5,"1,2,3,5",5,0.03871518059607826
pems,pems n=275,transferred K,0.0,0.012691365190551012,5,"1,2,3,5",5,0.03871518059607826
pems,pems n=275,val-K,0.03381157249323363,0.04650293768378465,5,"1,2,3,5",5,0.03871518059607826
