series,n,best_k,pro_minus_best_k
block_outliers,50,3,0.0626854946693638
block_outliers,100,5,-0.12833229681924058
block_outliers,200,10,-0.09851959385910392
heteroskedastic,50,3,0.17739475594981768
heteroskedastic,100,5,0.022231808257501262
heteroskedastic,200,5,0.011861836803423731
multimodal,50,2,0.04649425272569829
multimodal,100,2,0.054031321474314276
multimodal,200,3,0.051609322598546725
well_specified,50,1,0.08131209388432209
well_specified,100,1,0.057311215326987575
well_specified,200,1,0.020481229947813262
pems,200,5,0.029328590030759827
pems,225,3,0.009068267503764327
pems,250,5,0.030275287222329972
pems,275,5,0.03871518059607826
