group,choice,settings,mean_regret,max_regret,num_over_threshold,mean_regret_per_split
all,K=1,24,0.255369190338221,0.7418782232970623,19,0.27441622663074344
all,K=2,24,0.029806357457331397,0.08783179203435076,7,0.04885339374985384
all,K=3,24,0.01184777618089189,0.04780707689942408,0,0.030894812473414347
all,K=5,24,0.022688178033278442,0.09955250756173728,3,0.04173521432580088
all,K=10,12,0.08293812054144444,0.22183574925874572,7,0.09895577360885503
all,random K,24,0.0799278755024307,0.2109075475712091,19,0.09897491179495314
all,transferred K,24,0.01184777618089189,0.04780707689942408,0,0.030894812473414347
all,val-K,24,0.06783176060780548,0.5762335069697132,4,0.08687879690032795
all,sparse,24,0.04192727860367091,0.22993255008579572,4,0.06097431489619334
synthetic,K=1,12,0.31732102877266916,0.7418782232970623,9,0.33333868184007986
synthetic,K=2,12,0.02927090987292774,0.08303634561262874,3,0.04528856294033836
synthetic,K=3,12,0.018194795186316354,0.04780707689942408,0,0.034212448253726956
synthetic,K=5,12,0.03179872315734686,0.09955250756173728,3,0.04781637622475748
synthetic,K=10,12,0.08293812054144444,0.22183574925874572,7,0.09895577360885503
synthetic,random K,12,0.09914636424731509,0.2109075475712091,9,0.11516401731472568
synthetic,transferred K,12,0.018194795186316354,0.04780707689942408,0,0.034212448253726956
synthetic,val-K,12,0.11628784633602918,0.5762335069697132,4,0.1323054994034398
synthetic,sparse,12,0.06575592984365751,0.22993255008579572,4,0.08177358291106811
uci_exact,K=1,8,0.1731770156362738,0.42029894431406556,6,0.1961346116469851
uci_exact,K=2,8,0.044711550044376165,0.08783179203435076,4,0.06766914605508749
uci_exact,K=3,8,0.004672482266002406,0.01666536912445077,0,0.0276300782767137
uci_exact,K=5,8,0.01638545256020968,0.044738073569448034,0,0.039343048570920976
uci_exact,random K,8,0.05973662512671553,0.13063207145140837,6,0.08269422113742682
uci_exact,transferred K,8,0.004672482266002406,0.01666536912445077,0,0.0276300782767137
uci_exact,val-K,8,0.025123469802373552,0.04464936047002066,0,0.04808106581308486
uci_exact,sparse,8,0.021907013205399527,0.03749830430084013,0,0.04486460921611081
pems,K=1,4,0.2338980244387707,0.27931663107863647,4,0.254212090970251
pems,K=2,4,0.001602315036452806,0.006409260145811224,0,0.02191638156793298
pems,K=3,4,0.007157306994397483,0.010019169488321045,0,0.02747137352587782
pems,K=5,4,0.007961993607210727,0.015338808171881269,0,0.02827606013869092
pems,random K,4,0.06265491001920795,0.07616865218470958,4,0.08296897655068818
pems,transferred K,4,0.007157306994397483,0.010019169488321045,0,0.02747137352587782
pems,val-K,4,0.007880085033998174,0.017653953753057672,0,0.02819415156547845
pems,sparse,4,0.010481855680253893,0.020035334328969645,0,0.030795922211734175
