group,setting,choice,regret,regret_per_split,best_alpha
uci_exact,concreteslump,alpha=0.5,0.8044130340026112,0.884251904977684,3.0
uci_exact,concreteslump,alpha=1.4,0.007558948353421302,0.08739781932849404,3.0
uci_exact,concreteslump,alpha=3,0.0,0.07983887097507272,3.0
uci_exact,concreteslump,alpha=6,0.15251605318845995,0.23235492416353284,3.0
uci_exact,concreteslump,val-alpha,0.08628373982345683,0.1661226107985297,3.0
uci_exact,concreteslump,d_eff rule,0.46375914022914744,0.5435980112042205,3.0
uci_exact,servo,alpha=0.5,0.07589193983264628,0.14969973265411135,1.4
uci_exact,servo,alpha=1.4,0.0,0.0738077928214651,1.4
uci_exact,servo,alpha=3,0.02988875519257067,0.10369654801403579,1.4
uci_exact,servo,alpha=6,0.024809990986786407,0.09861778380825148,1.4
uci_exact,servo,val-alpha,0.03018707616724156,0.10399486898870665,1.4
uci_exact,servo,d_eff rule,0.05676203524667575,0.13056982806814085,1.4
uci_exact,machine,alpha=0.5,0.03465225834640706,0.04964118991706732,6.0
uci_exact,machine,alpha=1.4,0.015163555370892645,0.03015248694155287,6.0
uci_exact,machine,alpha=3,0.0020309982233973622,0.017019929794057486,6.0
uci_exact,machine,alpha=6,0.0,0.014988931570660158,6.0
uci_exact,machine,val-alpha,-0.0024798282463842636,0.012509103324275933,6.0
uci_exact,machine,d_eff rule,0.04848063683647086,0.06346956840713111,6.0
uci_exact,autompg,alpha=0.5,0.0030306311380176587,0.030410446982460964,1.4
uci_exact,autompg,alpha=1.4,0.0,0.027379815844443385,1.4
uci_exact,autompg,alpha=3,0.027999819752225708,0.055379635596669044,1.4
uci_exact,autompg,alpha=6,0.05974145239349271,0.08712126823793606,1.4
uci_exact,autompg,val-alpha,0.00922729481705642,0.03660711066149977,1.4
uci_exact,autompg,d_eff rule,0.010356374478326102,0.03773619032276946,1.4
uci_exact,housing,alpha=0.5,0.02843166636119268,0.04912511160946429,1.4
uci_exact,housing,alpha=1.4,0.0,0.0206934452482716,1.4
uci_exact,housing,alpha=3,0.06194546420210509,0.08263890945037664,1.4
uci_exact,housing,alpha=6,0.04739754098690499,0.06809098623517662,1.4
uci_exact,housing,val-alpha,0.04268084248342649,0.06337428773169808,1.4
uci_exact,housing,d_eff rule,0.02096870510735413,0.04166215035562566,1.4
