n,dataset,exact_gp_nlpd_mean,exact_gp_nlpd_se,vgp_noncollapsed_nlpd_mean,vgp_noncollapsed_nlpd_se,ppgpr_nlpd_mean,ppgpr_nlpd_se,pro_gp_gibbs_nlpd_mean,pro_gp_gibbs_nlpd_se,inducing_pro_gp_gibbs_nlpd_mean,inducing_pro_gp_gibbs_nlpd_se,inducing_pro_gp_gibbs_ppgpr_nlpd_mean,inducing_pro_gp_gibbs_ppgpr_nlpd_se,omgp_k1_nlpd_mean,omgp_k1_nlpd_se,omgp_k2_nlpd_mean,omgp_k2_nlpd_se,omgp_k3_nlpd_mean,omgp_k3_nlpd_se,omgp_k5_nlpd_mean,omgp_k5_nlpd_se,omgp_sparse_nlpd_mean,omgp_sparse_nlpd_se,omgp_valk_nlpd_mean,omgp_valk_nlpd_se,omgp_shared_k1_nlpd_mean,omgp_shared_k1_nlpd_se,omgp_shared_k2_nlpd_mean,omgp_shared_k2_nlpd_se,omgp_shared_k3_nlpd_mean,omgp_shared_k3_nlpd_se,omgp_shared_k5_nlpd_mean,omgp_shared_k5_nlpd_se,omgp_shared_sparse_nlpd_mean,omgp_shared_sparse_nlpd_se,omgp_shared_valk_nlpd_mean,omgp_shared_valk_nlpd_se
103,concreteslump,-1.2953425403463692,0.17346370681634002,,,,,-1.6479337242028778,0.07873790672275127,,,,,-1.0687809522680172,0.31059616995688427,-1.2411908882973195,0.17907311102003431,-1.3290226803316703,0.18208992566611973,-1.2842846067622222,0.15524214916653759,-1.292934454758043,0.18366813147767547,-1.2848939815083746,0.16627715082456573,-1.0687809522680172,0.31059616995688427,-1.3114710214043261,0.16198547556304943,-1.3061031673079024,0.15941379125670896,-1.3409546454893957,0.14657752708109256,-1.2775455251920107,0.1799144931019394,-1.3462935946103682,0.14774090509885573
159,autos,0.5034271700513556,0.09895368105644721,,,,,0.40941687667597293,0.07131553815670977,,,,,,,,,,,,,,,,,,,,,,,,,,,,
167,servo,0.33154421911078236,0.11699762281407716,,,,,0.1461568620784891,0.10607915360168838,,,,,0.3272323552934918,0.10708848581984935,-0.026747684757462087,0.07952671178651424,-0.0930665890205737,0.0814323190950208,-0.05715615179211746,0.0784538438964642,-0.05556828471973359,0.08221350940909451,-0.07500033034463877,0.08116979655292213,0.3272323552934918,0.10708848581984935,0.06762226209155284,0.09037728003132191,-0.03527978023059691,0.073652191068195,-0.10192616226830972,0.07980280465478677,-0.03381634771197566,0.08030965322984499,-0.04130486603194415,0.07738847193382364
194,breastcancer,1.617635039604482,0.3091281039330361,,,,,1.285804742725583,0.058385190005465305,,,,,,,,,,,,,,,,,,,,,,,,,,,,
209,machine,0.6054060931619751,0.04947903127040301,,,,,0.607909016498367,0.04541662815101681,,,,,0.6101293565551115,0.049830313977799724,0.6105370134090637,0.05480787406999462,0.610730023623461,0.052903313484698684,0.612763177548576,0.052310804613093675,0.6095953100779148,0.04891126379023503,0.6150155315275041,0.05321993707099077,0.6101293565551115,0.049830313977799724,0.6029988521966949,0.05097486806373289,0.6115620810834144,0.05278861463077026,0.6152361907644279,0.0510612284856301,0.6061435177862987,0.04865822573778206,0.6196139418565931,0.053477960696029246
308,yacht,0.27044713028521794,0.7054269276006189,,,,,0.23513034379068415,1.2488800705190146,,,,,,,,,,,,,,,,,,,,,,,,,,,,
392,autompg,0.4355801529072904,0.07452963504051413,,,,,0.30009596716060416,0.06343558689721862,,,,,0.44117716716005584,0.07650113942705464,0.30985635682867685,0.0710173642387588,0.2758793585085513,0.05598056767411801,0.28692255828078644,0.05137662099330633,0.30469861798467596,0.05760789483297543,0.31706726175505917,0.06746352658702712,0.44117716716005584,0.07650113942705464,0.3514734199981392,0.07440115567271324,0.2878189731938333,0.056025438110713276,0.2827410058542089,0.05300415720459504,0.30739060575004007,0.07133613827440956,0.3332586086629706,0.06785814756595955
506,housing,0.32487483683959195,0.05633885480326373,,,,,0.24805309303145678,0.056167970077339514,,,,,0.35475401510255355,0.06350437491560713,0.17629326470527437,0.03791263465013201,0.1560104093333771,0.03264036602037452,0.1393450402089263,0.027234553109904965,0.16269223286656226,0.03267588934404452,0.16963495052760752,0.036106133246182226,0.35475401510255355,0.06350437491560713,0.18995287734290434,0.041265769664978524,0.14128792623562744,0.030314526168026386,0.14426124623102837,0.028753996024118923,0.15635236944324796,0.03658888333098677,0.16118182845491863,0.04067400176353587
517,forest,1.4600717359136872,0.035346500140429025,,,,,1.444080590402884,0.031264005381729874,,,,,,,,,,,,,,,,,,,,,,,,,,,,
536,stock,0.2813090388157667,0.029494088802741337,,,,,0.2886864904311365,0.03448183254917912,,,,,0.2820613098671331,0.030246134044116055,0.2696436406480405,0.03442200778312867,0.2750344079191017,0.03506181994685421,0.2749769415767897,0.03426573453367842,0.2794004711176978,0.032837866605153726,0.2768629954389861,0.03475749730196831,0.2820613098671331,0.030246134044116055,0.26963491142273044,0.033139755954957245,0.2746174159070713,0.034990430187871534,0.2747177752656535,0.03313021982853195,0.28091476151444644,0.03064099634214825,0.2776528938008755,0.03398868575657336
768,energy,-1.6804832104578389,0.013749853774675597,,,,,-1.847291365019937,0.01875984503895297,,,,,-1.6815481182178373,0.013590555876792284,-1.7562448196322884,0.02575377972760964,-1.825974610201892,0.027287730276031697,-1.794549822212567,0.028177397505486205,-1.8192467774914802,0.026985372625003504,-1.781325249731871,0.016529508195702328,-1.6815481182178373,0.013590555876792284,-1.7443378115598076,0.027504685923203695,-1.7379126169453465,0.037985820629613296,-1.8309252953380928,0.030887755431952765,-1.7985880460748898,0.029992602153260012,-1.751114532646234,0.03026813315253161
1030,concrete,0.1761700267059093,0.03236404120415941,,,,,0.030524824282123286,0.027563072640095245,,,,,0.18493644536701237,0.03623576587993901,0.08009097122033723,0.038014017779615966,0.03233499206697712,0.023482047297846125,0.017611937402819494,0.027420553548366172,0.051164444334914995,0.02863416244108228,0.02817203452402938,0.02385264340575506,0.18493644536701237,0.03623576587993901,0.12107917622205402,0.04050619255544029,0.0747301990604887,0.013180604515216384,0.041644350667512695,0.03705701881796407,0.059857243188813025,0.03361072111524306,0.0532083782726651,0.024288102483743027
1599,wine,,,0.6138156927323271,0.01983795745426682,0.5847578637318243,0.032023629425421286,,,0.5144652844382124,0.025450337262275458,0.5150327670947301,0.027722746412341317,,,,,,,,,,,,,0.6103282085950801,0.02101434135333347,0.5902631809980345,0.018544457258887165,0.5594301002108945,0.016485420683477133,0.5572831360467465,0.020301798512615793,0.5484347622277832,0.018522835794601848,0.554867616862453,0.018346385038166983
3338,skillcraft,,,0.9773698786707632,0.013695676096418304,1.0691188442045116,0.01922926381211565,,,0.9475774995168795,0.013227476100462085,1.0051369549713052,0.020258741483561746,,,,,,,,,,,,,0.9752593636706453,0.013960338202844027,0.9459713769562077,0.012209064106273457,0.9401790887826096,0.012013995387532993,0.9415835229620351,0.011984004741929512,0.9413929398662422,0.01267228945785058,0.942490189040474,0.011839217569165011
4177,abalone,,,0.9948390661218778,0.017279650032009843,0.9324613834304458,0.02637704317308379,,,0.8124037163420377,0.015871493385570982,0.8240062460762811,0.01712766770740451,,,,,,,,,,,,,0.9935206806326639,0.01857492473866323,0.8915455405387022,0.01960481951129833,0.8397610295672336,0.015476702001702073,0.8118063954419419,0.01675407853115135,0.8126239597128228,0.017020288970584347,0.8118063954419419,0.01675407853115135
4177,abalone_dq,,,0.9976933258966095,0.01638769206519326,,,,,,,,,,,,,,,,,,,,,,,,,,,,,,,,
4898,whitewine,,,1.1659785819367205,0.009732477108349123,1.135229302285088,0.01064057443178613,,,0.9571572849908728,0.0626371494330161,1.0815611606781683,0.011658479965972074,,,,,,,,,,,,,1.163545028623163,0.00964898480243659,1.1568933047473093,0.00937366805980805,1.1475854800608902,0.008904505634351143,1.147821637106445,0.008739461278345866,0.5930811646907966,0.18859790648905697,1.1491631776286255,0.00936288722624951
4898,whitewine_dq,,,1.1985992980053817,0.008694351299137317,,,,,1.179446344858417,0.008260757369245095,,,,,,,,,,,,,,,1.1966022784347314,0.008690898990416352,1.193777201055611,0.008130291178226081,1.1903747192238952,0.007595913714171458,1.1909658950439859,0.007603470384532871,,,1.1927550321947087,0.008001680661997324
5875,parkinsons,,,-2.0047871551457357,0.014349660890948636,-2.24233986428888,0.025619516258162826,,,-2.6293855431438726,0.012819143167371266,-2.519710450152745,0.016137256746128127,,,,,,,,,,,,,-2.2267751652350283,0.023198556088208117,-2.658177084669143,0.02122197125697404,-2.723767768390594,0.023644807810268238,-2.6875716374608887,0.02696625828414592,-2.6593378957852263,0.027366257722789594,-2.7102169248773813,0.02672552357997746
6941,airquality,,,0.0849288591265012,0.015499941909121543,-0.2554964043792022,0.015696714839349632,,,-0.2752811963290086,0.01766239106886853,-0.3127524948733828,0.020140327834018302,,,,,,,,,,,,,0.07578127008478586,0.016750849885222664,-0.03199468675033603,0.018490868554094625,-0.1661143031272745,0.01878323249396315,-0.2305827824084568,0.013443048384824371,-0.2693645524635538,0.010227990253374711,-0.2305827824084568,0.013443048384824371
16599,elevators,,,0.45435978459775167,0.003862470873244995,0.34765199374293004,0.006914615296688099,,,0.32237503634828274,0.007070360119009849,0.3196778736414637,0.006898904543474358,,,,,,,,,,,,,0.4467625387705689,0.00626667556313602,0.38097844304888256,0.005420805366508576,0.3622267544686177,0.006893678731390118,0.36002133980637535,0.004993584679687136,,,,
40000,kin40k,,,-0.20475524152344343,0.0030090031111191123,-0.592850590091311,0.003853956374220303,,,-0.6052841149933681,0.0036026447141045237,-0.7243600390455528,0.0038280861007981126,,,,,,,,,,,,,-0.3744454368701143,0.013173823845562371,-0.4242233425936279,0.01187694648175408,-0.422111712382386,0.011966754175871886,-0.4325116264348531,0.00811886474317182,,,,
45730,protein,,,1.0591400805859483,0.0017970758155973912,0.8134375134035992,0.0031245237835401335,,,0.6429763649494579,0.004564888986076077,0.6473857560980946,0.0035825750030362606,,,,,,,,,,,,,1.044237356685169,0.006520399159814635,0.9293828611291369,0.004370599399157329,0.8567151944014162,0.008399274285824439,0.7826008015362089,0.0073588671436618175,,,,
