num_train,method,split,nlpd
200,exact_gp,1,1.1463701323352435
200,pro_gp_gibbs,1,1.0664349133444417
200,exact_gp,2,1.096652834108411
200,pro_gp_gibbs,2,0.9201184260409286
200,exact_gp,3,1.2315845870613056
200,pro_gp_gibbs,3,1.0005971199079127
200,exact_gp,4,1.1859827807953285
200,pro_gp_gibbs,4,1.081927056594855
200,exact_gp,5,1.1651843915940459
200,pro_gp_gibbs,5,1.1173346469682803
200,exact_gp,6,1.1284510126017804
200,pro_gp_gibbs,6,1.050812112651695
200,exact_gp,7,1.0492690462230099
200,pro_gp_gibbs,7,0.9466934526959012
200,exact_gp,8,1.0413634372591045
200,pro_gp_gibbs,8,0.8924849826083245
200,exact_gp,9,1.1698077316300532
200,pro_gp_gibbs,9,0.9719263126271167
200,exact_gp,10,1.0775227068316917
200,pro_gp_gibbs,10,0.8236820130864537
200,exact_gp,11,1.0460132347779107
200,pro_gp_gibbs,11,0.951795056468527
200,exact_gp,12,1.1231116570826822
200,pro_gp_gibbs,12,0.8087558070576736
200,exact_gp,13,1.0925572999250608
200,pro_gp_gibbs,13,0.9106350899262434
200,exact_gp,14,1.0412921354167783
200,pro_gp_gibbs,14,0.8518051513818202
200,exact_gp,15,1.2228536692092506
200,pro_gp_gibbs,15,0.88329526677164
200,exact_gp,16,1.306151953151319
200,pro_gp_gibbs,16,1.1859155728803246
200,exact_gp,17,1.0376069393084792
200,pro_gp_gibbs,17,0.905684078078689
200,exact_gp,18,1.1645996459344992
200,pro_gp_gibbs,18,0.9337929968877993
200,exact_gp,19,1.2295173936762358
200,pro_gp_gibbs,19,0.8302540651244006
200,exact_gp,20,1.0979697926107983
200,pro_gp_gibbs,20,1.0021174352721525
225,exact_gp,1,1.1790658871271784
225,pro_gp_gibbs,1,1.0358366316112606
225,exact_gp,2,1.1545570730155523
225,pro_gp_gibbs,2,0.8993579693365598
225,exact_gp,3,1.1872628122840323
225,pro_gp_gibbs,3,0.9077908065404101
225,exact_gp,4,1.1810817711755197
225,pro_gp_gibbs,4,1.0366385727100127
225,exact_gp,5,1.0741743291399477
225,pro_gp_gibbs,5,0.856758186739675
225,exact_gp,6,1.2142771997961181
225,pro_gp_gibbs,6,1.0918753728313157
225,exact_gp,7,0.979715066967625
225,pro_gp_gibbs,7,0.8394794144189746
225,exact_gp,8,1.071750855929532
225,pro_gp_gibbs,8,0.9570214478511118
225,exact_gp,9,1.3220637943434406
225,pro_gp_gibbs,9,1.19290166627693
225,exact_gp,10,1.0865503314994513
225,pro_gp_gibbs,10,0.814812567432447
225,exact_gp,11,1.062372767173436
225,pro_gp_gibbs,11,0.9517004128609396
225,exact_gp,12,1.0633569163118681
225,pro_gp_gibbs,12,0.7896267365945859
225,exact_gp,13,1.0825176999031916
225,pro_gp_gibbs,13,0.8896376174187484
225,exact_gp,14,1.0366595930225415
225,pro_gp_gibbs,14,0.8676195454003355
225,exact_gp,15,1.126763148414997
225,pro_gp_gibbs,15,0.8635691531229521
225,exact_gp,16,1.348632080409662
225,pro_gp_gibbs,16,1.27917559479357
225,exact_gp,17,1.004698621283907
225,pro_gp_gibbs,17,0.9019730697454871
225,exact_gp,18,1.129129632393789
225,pro_gp_gibbs,18,0.9215408122872591
225,exact_gp,19,1.1212512680812325
225,pro_gp_gibbs,19,0.9081428063438597
225,exact_gp,20,1.06272427976198
225,pro_gp_gibbs,20,0.9323533592502239
250,exact_gp,1,1.1338691432188035
250,pro_gp_gibbs,1,0.9341480737176773
250,exact_gp,2,1.066755321170878
250,pro_gp_gibbs,2,0.7734943760606795
250,exact_gp,3,1.0981209098029348
250,pro_gp_gibbs,3,0.7689305788271648
250,exact_gp,4,1.270116695732731
250,pro_gp_gibbs,4,1.0747235921979137
250,exact_gp,5,1.0899152932384364
250,pro_gp_gibbs,5,0.8644593204832194
250,exact_gp,6,1.2839506705986576
250,pro_gp_gibbs,6,1.1081699807658418
250,exact_gp,7,0.9119732420779576
250,pro_gp_gibbs,7,0.7284453796448663
250,exact_gp,8,1.0451962702524715
250,pro_gp_gibbs,8,0.8828635501932949
250,exact_gp,9,1.3066068648006808
250,pro_gp_gibbs,9,1.039165960662457
250,exact_gp,10,1.1154384335072813
250,pro_gp_gibbs,10,0.833379696538292
250,exact_gp,11,1.140230206735275
250,pro_gp_gibbs,11,1.0230930303069787
250,exact_gp,12,1.0518589793171857
250,pro_gp_gibbs,12,0.821691417152725
250,exact_gp,13,1.1532480013462918
250,pro_gp_gibbs,13,0.9283448653164423
250,exact_gp,14,1.1120650044132725
250,pro_gp_gibbs,14,0.8888235833815852
250,exact_gp,15,1.1354896609328335
250,pro_gp_gibbs,15,0.9363160555148563
250,exact_gp,16,1.3879602460436047
250,pro_gp_gibbs,16,1.2678172968962156
250,exact_gp,17,1.025508181323155
250,pro_gp_gibbs,17,0.823727700240388
250,exact_gp,18,1.0143129639942061
250,pro_gp_gibbs,18,0.7468169387146228
250,exact_gp,19,1.0639221633253801
250,pro_gp_gibbs,19,0.8056353483967349
250,exact_gp,20,1.2356694151559584
250,pro_gp_gibbs,20,1.0933993976794285
275,exact_gp,1,1.2209052580210014
275,pro_gp_gibbs,1,0.8766534743886168
275,exact_gp,2,1.0719234051407422
275,pro_gp_gibbs,2,0.88548821876149
275,exact_gp,3,1.0624587048758471
275,pro_gp_gibbs,3,0.7117438222258321
275,exact_gp,4,1.188474475144502
275,pro_gp_gibbs,4,1.021847284237129
275,exact_gp,5,1.0623774976999463
275,pro_gp_gibbs,5,0.8300461745242333
275,exact_gp,6,1.3201251401545449
275,pro_gp_gibbs,6,1.131606761930676
275,exact_gp,7,0.898693759973932
275,pro_gp_gibbs,7,0.5529206463351661
275,exact_gp,8,0.8767943149709079
275,pro_gp_gibbs,8,0.6773702604409636
275,exact_gp,9,1.158851286532915
275,pro_gp_gibbs,9,1.0461467493292207
275,exact_gp,10,1.230554707170899
275,pro_gp_gibbs,10,0.8374899924944113
